,Country,City,Latitude,Longitude,Tempeture,Humidity,Cloudiness,Wind Speed
0,US,Jamestown,42.1,-79.24,36.12,65,90,11.41
1,CF,Ouadda,8.08,22.4,70.12,61,68,3.51
2,GR,Methóni,36.82,21.7,55.51,67,100,4.7
3,IT,Marsala,37.8,12.44,44.62,87,20,8.05
4,CZ,Řevnice,49.91,14.24,35.8,70,51,5.82
5,FR,Plouzané,48.38,-4.62,39.79,93,0,4.7
6,GB,Skegness,53.14,0.34,40.69,65,68,2.24
7,MY,George Town,5.41,100.34,89.11,100,20,3.36
8,CF,Bouar,5.93,15.6,70.9,59,97,4.27
9,DZ,Constantine,36.37,6.61,39.96,93,75,9.17
10,SA,Faya,18.39,42.45,60.64,59,0,4.7
11,LY,Nālūt,30.33,10.85,45.37,59,84,19.26
12,RO,Banloc,45.38,21.14,33.69,80,67,2.24
13,NG,Zaria,11.11,7.72,79.52,32,8,4.36
14,PT,Faro,37.02,-7.93,55.56,77,37,8.05
15,LV,Liepāja,56.54,21.04,32.23,80,100,9.17
16,NA,Ongandjera,-17.88,15.07,71.02,45,5,10.22
17,LY,Ubari,26.59,12.78,69.91,13,0,8.81
18,YE,Marzuq,14.4,46.47,70.38,30,0,3.4
19,NG,Yenagoa,4.92,6.26,88.59,87,98,5.68
20,GR,Lixouri,38.2,20.43,42.75,78,100,8.01
21,GR,Kallíthiro,39.28,21.91,37.35,100,90,4.47
22,MA,Tiznit Province,29.58,-9.5,59.16,39,69,0.67
23,NA,Opuwo,-18.06,13.84,71.92,36,68,3.98
24,GB,Penzance,50.12,-5.54,45.68,93,32,2.24
25,GB,Whitehaven,54.55,-3.58,40.48,95,99,5.99
26,ML,Taoudenni,22.68,-3.98,74.17,12,0,6.91
27,ML,Araouane,18.9,-3.53,79.3,11,98,10.0
28,GA,Port-Gentil,-0.72,8.78,86.68,84,71,13.35
29,ES,Calella,41.62,2.67,45.86,87,40,7.23
30,CI,Tabou,4.42,-7.35,89.4,86,100,5.19
31,CA,Tobermory,45.25,-81.67,50.79,54,27,1.01
32,GB,Peterhead,57.51,-1.8,34.29,86,75,2.24
33,ES,Mahon,39.89,4.27,43.23,81,0,5.82
34,FR,Arrondissement de Vannes,47.83,-2.5,38.59,75,63,4.7
35,ML,Tessalit,20.2,1.01,74.68,11,26,7.05
36,GH,Esim,4.87,-2.24,87.85,84,85,8.77
37,AO,Huambo,-12.78,15.74,60.26,59,100,1.43
38,FR,Saint-Gilles,43.68,4.43,45.23,46,0,5.82
39,CM,Sangmélima,2.93,11.98,72.73,79,98,7.09
40,IL,Kiryat Gat,31.61,34.76,56.71,59,32,3.36
41,ZW,Binga,-17.62,27.34,71.08,61,14,2.48
42,NE,Bilma,18.69,12.92,80.69,14,0,3.09
43,DE,Spremberg,51.57,14.37,37.33,70,75,1.12
44,GH,Mpraeso,6.59,-0.73,79.27,77,76,6.91
45,AO,Menongue,-14.66,17.69,62.96,63,100,5.46
46,GA,Mayumba,-3.43,10.66,86.77,86,61,8.14
47,FR,Bellegarde-sur-Valserine,46.11,5.82,37.18,72,6,5.82
48,SE,Karlskrona,56.16,15.59,25.81,80,0,6.93
49,NG,Malumfashi,11.79,7.62,81.16,21,0,1.88
50,AO,Lobito,-12.35,13.55,85.87,83,88,3.78
51,CD,Kabinda,-6.13,24.48,65.97,77,10,4.03
52,GH,Takoradze,4.88,-1.76,87.57,84,54,9.53
53,SD,Kutum,14.2,24.67,65.59,13,39,7.49
54,RO,Băniţa,45.45,23.27,30.24,60,24,1.88
55,ES,Miajadas,39.15,-5.91,54.03,69,3,4.0
56,GA,Tsogni,-2.79,10.1,84.47,85,74,9.89
57,GH,Anloga,5.79,0.9,88.47,88,20,11.41
58,GR,Sparti,37.07,22.43,55.53,67,100,4.7
59,MR,Adrar,20.5,-10.07,73.0,12,0,9.35
60,GB,Buxton,53.26,-1.91,39.4,70,98,4.7
61,CM,Tibati,6.47,12.63,68.72,68,100,6.89
62,ES,Puertollano,38.69,-4.11,48.67,74,16,2.35
63,CG,Impfondo,1.64,18.07,76.98,87,100,1.21
64,GR,Koutselio,39.59,20.91,38.01,93,100,4.68
65,US,Hall,34.32,-83.78,66.49,25,1,13.87
66,DE,Demmin,53.91,13.03,27.55,74,82,6.93
67,EC,Cuenca,-2.88,-78.98,62.04,63,75,9.17
68,NA,Outjo,-20.12,16.15,66.49,72,19,3.36
69,SE,Visby,57.64,18.3,26.49,64,71,13.87
70,LY,Benghazi,32.12,20.07,58.68,24,98,30.58
71,ML,Sikasso,10.92,-7.0,88.32,13,2,2.06
72,BW,Shakawe,-18.37,21.85,65.79,57,77,3.11
73,IT,Cattolica,43.96,12.74,36.46,80,0,5.82
74,DK,Hvide Sande,56.0,8.13,26.56,72,99,8.05
75,FR,Meylan,45.22,5.79,34.99,63,28,3.36
76,LY,Masallātah,32.62,14.0,44.42,75,100,24.7
77,GB,Harlow,51.78,0.11,37.31,65,22,5.82
78,PL,Siemiatycze,52.43,22.86,27.16,73,0,10.56
79,IT,Pachino,36.72,15.09,41.49,81,99,10.29
80,SS,Raja,8.46,25.68,76.01,21,1,3.27
81,GA,Omboué,-1.57,9.26,86.45,88,90,9.26
82,US,York,40.13,-77.0,39.27,62,90,14.99
83,AO,Sumbe,-11.21,13.84,85.53,84,98,4.32
84,NG,Igede,10.05,5.94,92.66,29,13,3.78
85,AO,Camabatela,-8.19,15.38,65.12,68,88,2.39
86,CI,Odienné,9.51,-7.57,88.47,23,84,5.17
87,JP,Nara,34.69,135.8,44.38,81,40,2.24
88,IE,Tramore,52.16,-7.15,44.6,84,66,3.0
89,ES,Avilés,43.55,-5.92,44.24,81,0,5.82
90,LY,Sabha,27.04,14.43,71.74,12,0,7.81
91,NL,Assen,53.0,6.56,29.91,83,0,5.82
92,MR,Atar,20.52,-13.05,72.84,15,0,6.85
93,DE,Bad Waldsee,47.92,9.77,33.28,69,91,4.7
94,ES,Melilla,35.29,-2.94,52.88,72,0,9.17
95,DE,Bad Säckingen,47.55,7.95,35.53,60,0,3.36
96,IT,Belluno,46.15,12.22,40.96,66,5,3.36
97,FR,Ploemeur,47.73,-3.43,39.4,87,15,4.74
98,TD,Umm Hājar,13.3,19.7,81.81,11,0,9.62
99,TD,Mongo,12.18,18.69,82.08,13,1,4.23
100,LR,Gbarnga,7.0,-9.47,83.97,79,100,4.52
101,DZ,Tigzirt,36.89,4.12,50.23,79,20,11.14
102,GM,Nioro,13.35,-15.75,85.06,21,73,8.99
103,DK,Harboøre,56.62,8.18,24.94,86,78,8.05
104,CF,Mbaïki,3.87,17.99,74.89,84,100,2.24
105,ZM,Zambezi,-13.54,23.1,63.45,55,100,3.91
106,AO,Benguela,-12.58,13.41,85.64,83,92,2.26
107,ML,Goundam,16.41,-3.67,78.39,12,42,4.03
108,ML,Markala,13.7,-6.07,81.79,11,0,6.11
109,NE,Arlit,18.74,7.39,78.93,9,4,7.11
110,CI,Sassandra,4.95,-6.08,88.3,87,100,7.27
111,ES,Rute,37.33,-4.37,48.02,71,2,2.24
112,DE,Teterow,53.78,12.57,27.99,74,49,6.93
113,AO,Mossamedes,-15.2,12.15,80.49,74,0,0.89
114,GB,Aberdare,51.71,-3.45,39.65,100,27,3.36
115,LV,Saulkrasti,57.26,24.41,25.29,69,10,4.7
116,ES,Águilas,37.41,-1.58,42.51,86,15,3.4
117,TD,Abéché,13.83,20.83,78.82,12,1,8.52
118,BJ,Cotonou,6.37,2.42,89.51,83,20,12.75
119,IT,Vittoria,36.95,14.53,41.43,81,89,10.29
120,CD,Mwene-Ditu,-7.0,23.45,65.05,76,60,3.58
121,AO,Luena,-11.78,19.92,62.44,67,99,3.2
122,RU,Abalak,58.13,68.59,21.65,97,30,5.53
123,CM,Kumbo,6.2,10.67,60.37,63,84,4.88
124,ES,Cervo,43.67,-7.41,32.31,1,0,8.1
125,NG,Jos,9.92,8.9,73.76,38,88,5.48
126,FR,Sète,43.4,3.7,46.09,81,0,4.7
127,AO,Lubango,-14.92,13.49,58.33,57,55,2.53
128,CM,Yokadouma,3.52,15.05,76.6,83,76,4.47
129,IT,Nola,40.92,14.53,42.03,57,2,6.93
130,GB,Stornoway,58.21,-6.39,32.2,86,100,4.7
131,DE,Offenburg,48.48,7.93,36.79,57,54,4.7
132,PL,Ropczyce,50.05,21.61,30.45,56,1,6.93
133,ES,Tomiño,41.99,-8.76,52.12,66,0,5.82
134,SE,Finspång,58.71,15.77,22.77,58,62,6.93
135,IN,Gaya,24.78,85.0,66.36,20,0,4.63
136,NG,Kontagora,10.4,5.47,89.08,29,17,5.37
137,MA,Casablanca,33.59,-7.62,58.95,82,100,8.05
138,NA,Ondangwa,-17.92,15.95,74.75,83,33,4.7
139,LY,Mizdah,31.45,12.98,42.62,57,89,25.95
140,NO,Odda,60.07,6.55,25.0,83,99,7.0
141,LR,Harper,4.38,-7.72,89.35,84,100,6.06
142,GB,Portree,57.41,-6.19,34.61,84,100,5.01
143,IT,Iglesias,39.31,8.54,53.64,81,75,2.24
144,LY,Awjilah,29.11,21.29,66.15,15,0,18.54
145,DE,Jever,53.58,7.9,33.08,69,7,3.36
146,NE,Diffa,13.32,12.61,82.02,14,0,2.28
147,FI,Naantali,60.47,22.02,22.78,79,0,5.82
148,CD,Gemena,3.25,19.77,74.66,87,100,2.53
149,IT,Locri,38.24,16.26,48.33,81,40,11.41
150,GH,Mumford,5.26,-0.76,86.54,84,83,10.94
151,US,Birmingham,33.52,-86.8,73.04,31,75,4.7
152,ES,Girona,41.98,2.82,45.32,87,40,3.71
153,CI,Bonoua,5.27,-3.6,93.6,94,20,4.7
154,DK,Hjallerup,57.16,10.15,29.68,83,0,1.99
155,ES,Talavera de la Reina,39.96,-4.83,43.81,49,0,3.89
156,DE,Angermünde,53.02,14.0,30.49,73,57,5.59
157,CM,Bertoua,4.58,13.68,74.12,77,97,3.18
158,CM,Akonolinga,3.77,12.25,75.16,78,98,4.59
159,BF,Bobo-Dioulasso,11.18,-4.3,89.8,33,0,3.36
160,CD,Lusambo,-4.97,23.45,75.11,83,89,3.96
161,ML,Kati,12.74,-8.07,82.96,16,19,3.36
162,IT,Siderno,38.28,16.3,47.61,81,40,11.41
163,DZ,Sidi Ali,36.1,0.42,46.63,79,0,6.04
164,LY,Tripoli,32.88,13.19,49.03,81,92,21.0
165,IT,Tarquinia,42.25,11.76,40.62,87,0,4.7
166,NG,Gusau,12.16,6.66,82.92,20,0,2.68
167,CM,Mora,11.05,14.14,78.6,16,0,3.78
168,GR,Adamantas,36.73,24.43,49.44,76,100,5.82
169,BF,Gorom-Gorom,14.44,-0.24,82.02,10,0,9.35
170,NL,Gemeente Sliedrecht,51.82,4.77,35.2,75,0,2.24
171,GH,Kintampo,8.06,-1.73,88.48,44,18,5.55
172,ES,Mahon,39.89,4.27,43.23,81,0,5.82
173,MT,Marsaxlokk,35.84,14.54,42.26,87,75,23.04
174,NO,Farsund,58.09,6.8,25.18,79,29,14.79
175,CD,Tshikapa,-6.42,20.8,75.4,80,99,4.05
176,NG,Ode,7.79,5.71,78.44,71,96,9.78
177,GB,Beverley,53.85,-0.42,38.73,75,15,3.36
178,GB,Tighnabruaich,55.9,-5.24,34.84,87,90,12.75
179,ES,Narón,43.52,-8.15,47.84,76,0,4.7
180,GB,West Calder,55.85,-3.57,36.86,93,61,6.93
181,NO,Søgne,58.08,7.82,26.17,69,0,5.82
182,LY,Misratah,32.38,15.09,48.22,82,88,27.22
183,CF,Bouca,6.51,18.27,78.87,61,99,10.27
184,CI,Touba,8.28,-7.68,84.34,53,58,6.73
185,GB,Bridlington,54.08,-0.19,38.66,75,45,3.36
186,BF,Dano,11.15,-3.07,91.76,12,0,2.82
187,LY,Jalu,29.03,21.55,66.94,15,1,16.28
188,GB,Ashington,50.93,-0.39,38.39,75,88,3.36
189,AO,Soyo,-6.13,12.37,86.9,85,93,8.21
190,BF,Ouahigouya,13.58,-2.42,80.47,11,0,6.15
191,FR,Voiron,45.36,5.59,37.67,73,14,3.36
192,LY,Sirte,31.21,16.59,57.22,80,6,16.64
193,GA,Moanda,-1.56,13.22,80.06,84,37,1.95
194,IT,Feltre,46.02,11.91,40.93,66,5,3.36
195,ES,Palma de Mallorca,39.57,2.65,46.83,76,0,3.36
196,TD,Biltine,14.53,20.92,79.18,11,0,6.96
197,CI,Toumodi,6.56,-5.02,90.79,70,75,4.7
198,ML,Kidal,18.44,1.41,75.74,10,71,7.7
199,FR,Grasse,43.67,6.92,45.63,70,3,3.36
200,ML,Gao,16.64,1.64,78.84,9,0,9.22
201,IE,Buncrana,55.13,-7.45,35.53,90,96,7.7
202,CI,Grand-Lahou,5.14,-5.02,87.89,86,96,9.64
203,PL,Miastko,54.0,16.98,27.46,63,4,9.1
204,ES,Lugo,43.0,-7.5,41.9,91,0,5.01
205,ES,Ripoll,42.2,2.19,44.26,87,40,0.63
206,RO,Nojorid,46.98,21.88,30.22,64,0,8.05
207,BE,Ninove,50.83,4.0,39.81,68,40,2.24
208,CI,Bondoukou,8.03,-2.8,86.11,50,42,3.69
209,TD,Moussoro,13.64,16.49,83.32,10,19,10.2
210,GB,Sandwick,60.0,-1.25,24.73,69,75,8.5
211,CD,Matadi,-5.82,13.45,87.57,87,31,1.61
212,IE,Letterkenny,54.95,-7.73,36.3,90,100,5.21
213,NG,Kisi,9.08,3.85,82.51,52,39,11.97
214,FR,Arrondissement de Fontenay-le-Comte,46.58,-1.0,42.28,87,6,2.24
215,DE,Oberhausen-Rheinhausen,49.27,8.47,41.94,65,2,1.12
216,CF,Bria,6.54,21.99,72.61,71,98,5.21
217,ML,Tombouctou,20.0,-3.0,76.87,11,66,10.27
218,NG,Kafanchan,9.58,8.3,80.96,47,99,2.37
219,LY,Darnah,32.77,22.64,56.98,30,35,23.8
220,CD,Kamina,-8.74,24.99,62.02,66,58,4.14
221,SE,Oxelösund,58.67,17.1,20.48,68,64,6.93
222,GR,Prosotsáni,41.18,23.97,45.72,91,100,2.55
223,ES,El Astillero,43.4,-3.82,44.42,76,0,4.7
224,IT,Province of Trapani,37.83,12.67,46.17,87,20,8.05
225,ML,Koutiala,12.39,-5.46,86.09,10,10,1.92
226,PH,Real,14.66,121.6,82.38,69,20,2.24
227,CD,Buta,2.79,24.73,74.62,86,100,0.31
228,IT,Porto Torres,40.84,8.4,44.62,81,20,3.36
229,TD,Am Timan,11.03,20.28,81.48,12,0,5.86
230,CI,Séguéla,7.96,-6.67,86.0,56,27,8.1
231,CM,Ngaoundéré,7.32,13.58,68.9,60,99,4.21
232,NE,Tanout,14.97,8.89,81.77,10,36,7.25
233,MA,Marrakesh,31.63,-8.01,61.18,40,100,9.17
234,ES,Utiel,39.57,-1.2,45.32,82,12,4.7
235,TN,Aryanah,36.86,10.19,46.2,76,40,10.29
236,AO,Caconda,-13.73,15.07,59.85,60,100,1.7
237,LY,Zliten,32.47,14.57,48.65,79,100,25.79
238,AL,Gjirokastër,40.08,20.14,47.25,76,90,3.36
239,CD,Bandundu Province,-3.32,17.37,78.35,87,100,2.89
240,IT,Capoterra,39.18,8.97,54.05,82,75,1.12
241,GB,Lerwick,60.15,-1.15,24.42,69,75,8.66
242,IT,Fiumicino,41.77,12.23,42.75,87,1,4.7
243,FR,Arrondissement d'Ajaccio,42.0,8.92,39.87,81,1,6.93
244,LT,Jieznas,54.6,24.17,25.18,69,2,9.17
245,NG,Nguru,12.88,10.45,83.08,15,0,5.41
246,NG,Pindiga,9.98,10.93,81.72,46,91,13.8
247,TN,Djebeniana,35.03,10.91,53.24,82,100,8.05
248,US,Bowmore,34.94,-79.3,59.32,16,1,14.99
249,MA,Nador,35.17,-2.93,52.03,72,0,9.17
250,AT,Reutte,47.48,10.72,30.76,69,87,2.24
251,RO,Blăjeni,46.23,22.9,33.39,66,21,2.51
252,CD,Bolobo,-2.17,16.23,73.99,84,83,7.81
253,TN,Sajanan,37.06,9.24,53.64,93,40,1.12
254,NE,Gouré,13.98,10.27,82.44,16,0,3.36
255,AO,Luanda,-8.84,13.23,83.23,78,75,6.93
256,TN,Rafrāf,37.19,10.18,49.37,81,75,4.7
257,BF,Djibo,14.1,-1.63,81.86,10,0,7.74
258,GB,Scarborough,54.28,-0.4,38.75,75,37,3.36
259,CZ,Blatná,49.42,13.88,35.65,65,90,2.24
260,GB,Omagh,54.6,-7.3,35.91,92,100,3.58
261,LY,Qaryat Sulūq,31.67,20.25,60.26,19,73,26.96
262,NE,Agadez,19.75,10.25,73.67,9,28,11.61
263,UA,Peremyshlyany,49.67,24.56,32.27,74,42,2.24
264,CD,Kasangulu,-4.59,15.17,88.61,78,20,2.24
265,IT,Ruvo di Puglia,41.11,16.49,42.91,87,37,5.82
266,BJ,Bembèrèkè,10.23,2.66,86.68,29,9,7.11
267,MK,Dolneni,41.43,21.45,39.56,81,40,4.7
268,IT,Lipari,38.47,14.95,49.01,71,75,5.82
269,NG,Sokoto,13.06,5.24,83.62,14,79,3.29
270,NA,Rundu,-17.93,19.77,73.67,88,99,3.36
271,BJ,Nikki,9.94,3.21,88.3,39,31,7.16
272,CI,Vavoua,7.38,-6.48,83.41,72,58,6.31
273,GA,Mimongo,-1.62,11.61,76.87,82,86,4.41
274,TN,Hergla,36.03,10.51,50.5,76,40,9.17
275,BJ,Aplahoué,6.93,1.68,84.69,72,15,9.93
276,ES,Tafalla,42.53,-1.67,40.77,81,0,3.36
277,NA,Eenhana,-17.47,16.33,74.75,83,83,4.7
278,CF,Boali,4.8,18.13,73.63,100,40,11.41
279,RS,Belgrade,44.8,20.47,37.06,49,54,3.36
280,NG,Katsina,12.99,7.6,79.3,17,0,2.77
281,FR,Biscarrosse,44.39,-1.17,44.1,81,0,5.82
282,IT,Alghero,40.56,8.32,44.62,81,20,3.36
283,LV,Pāvilosta,56.89,21.19,31.84,80,100,9.17
284,NG,Jalingo,8.88,11.37,83.08,57,100,8.61
285,FR,Saint-André-les-Vergers,48.29,4.05,40.28,87,15,3.53
286,IT,Mola di Bari,41.06,17.09,42.66,87,28,5.82
287,DE,Bad Oldesloe,53.81,10.37,31.41,87,20,3.36
288,IE,Limerick,52.66,-8.62,40.21,81,75,6.93
289,IE,Skibbereen,51.55,-9.27,39.92,87,75,4.7
290,IT,Collecchio,44.75,10.22,41.34,49,0,1.54
291,ZM,Kalabo,-14.97,22.68,64.56,55,100,3.69
292,UA,Poroshkovo,48.67,22.75,39.85,52,92,3.94
293,ML,Ténenkou,14.46,-4.92,80.65,11,0,7.72
294,ML,Kolondiéba,11.09,-6.89,87.1,12,3,2.17
295,AO,Lucapa,-8.42,20.74,67.08,73,95,0.36
296,EE,Kärdla,59.0,22.75,25.32,77,43,14.0
297,FR,Remiremont,48.02,6.59,41.4,61,22,2.24
298,BG,Bobov Dol,42.37,23.02,28.63,81,75,8.05
299,GB,Auchterarder,56.3,-3.71,36.55,93,80,6.93
300,GB,Findochty,57.7,-2.9,34.48,93,75,4.7
301,LY,Ajdabiya,30.76,20.23,63.28,18,3,23.11
302,FR,Arrondissement de Langres,47.83,5.33,42.51,61,36,4.7
303,IE,Carndonagh,55.25,-7.27,35.31,88,91,9.93
304,CI,Bouna,9.27,-3.0,88.36,37,3,5.73
305,GA,Oyem,1.6,11.58,75.74,82,83,3.76
306,CD,Nioki,-2.72,17.68,76.46,88,100,2.77
307,GA,Booué,-0.09,11.94,84.36,84,80,3.38
308,ML,Kolokani,13.57,-8.03,80.74,11,0,8.84
309,LV,Tukums,56.97,23.16,26.64,69,27,4.7
310,LR,Buchanan,5.88,-10.05,89.53,88,40,4.36
311,AO,Camacupa,-12.02,17.48,62.42,65,99,1.12
312,RS,Babušnica,43.06,22.41,46.33,57,89,1.12
313,ES,Calatayud,41.35,-1.64,46.06,81,0,4.7
314,GB,Bourne,52.77,-0.38,38.48,70,92,5.82
315,CD,Kikwit,-5.04,18.82,76.48,82,99,3.2
316,IT,Melito di Porto Salvo,37.92,15.77,47.61,81,40,11.41
317,IE,Abbeyfeale,52.38,-9.3,40.21,81,75,6.93
318,NG,Wukari,7.85,9.78,90.46,60,57,7.99
319,ES,Burgos,42.34,-3.71,37.42,75,0,2.24
320,CZ,Zdounky,49.23,17.32,30.18,60,0,3.36
321,DK,Juelsminde,55.71,10.02,27.82,80,0,4.7
322,RU,Neman,55.03,22.03,25.66,77,18,13.51
323,CI,San-Pédro,4.75,-6.64,88.12,86,100,7.11
324,NG,Ipoti,7.87,5.08,76.41,77,100,8.37
325,NG,Lere,10.39,8.57,80.62,35,89,3.69
326,SI,Domžale,46.14,14.59,34.2,65,75,6.93
327,FR,Cestas,44.74,-0.68,43.18,76,0,5.82
328,DE,Idar-Oberstein,49.7,7.3,33.75,60,28,3.36
329,PL,Krapkowice,50.48,17.97,33.15,54,5,4.0
330,DE,Erftstadt,50.82,6.77,30.94,64,20,6.93
331,NG,Ikom,5.97,8.71,88.83,84,99,3.74
332,ML,Douentza,15.0,-2.95,76.73,12,0,2.82
333,RS,Odžaci,45.51,19.26,33.67,60,0,6.93
334,NG,Bama,11.52,13.69,81.73,14,0,9.01
335,TR,Milas,37.32,27.78,49.73,87,75,6.93
336,UA,Sukhovolya,49.82,23.84,33.39,74,9,2.24
337,GB,Truro,50.27,-5.05,45.28,93,36,1.79
338,GR,Skotina,40.01,22.55,44.24,100,90,4.61
339,TD,Bokoro,12.38,17.06,83.21,11,8,9.95
340,GB,Blyth,55.13,-1.51,37.72,81,40,5.82
341,CD,Luebo,-5.35,21.42,74.39,83,83,2.51
342,AO,Malanje,-9.54,16.34,62.98,70,100,2.35
343,ZM,Mwinilunga,-11.74,24.43,62.33,60,100,2.15
344,PL,Siedlce,52.17,22.29,24.67,54,2,9.48
345,AL,Maliq,40.71,20.7,35.29,67,100,5.28
346,GA,Gamba,-2.65,10.0,85.71,85,78,9.64
347,CH,Montreux,46.43,6.91,33.71,52,34,5.82
348,GB,Lamlash,55.53,-5.13,38.1,87,40,6.93
349,CD,Lisala,2.15,21.52,78.84,86,100,2.04
350,RO,Vulcan,45.38,23.27,30.94,61,28,1.43
351,CD,Inongo,-1.95,18.27,77.56,89,100,2.48
352,TD,Bol,13.46,14.71,82.51,25,0,7.92
353,CF,Birao,10.28,22.79,79.11,13,12,5.37
354,TD,Doba,8.65,16.85,84.72,23,8,4.5
355,GA,Kango,0.19,10.1,87.44,94,100,2.06
356,GR,Lithakia,37.72,20.83,45.99,67,100,10.29
357,TG,Tsévié,6.43,1.21,88.47,88,20,11.41
358,HR,Metković,43.05,17.65,43.47,71,29,3.06
359,HU,Mohács,45.99,18.68,33.01,60,0,6.93
360,IT,La Maddalena,41.21,9.41,39.96,93,20,3.36
361,PL,Wieluń,51.22,18.57,25.2,67,8,5.59
362,SK,Senica,48.68,17.37,31.41,74,2,8.05
363,NE,Filingué,14.35,3.32,83.48,11,0,4.7
364,IT,Pombia,45.65,8.63,45.45,70,7,2.24
365,AO,Uíge,-7.61,15.06,71.31,69,98,3.58
366,GR,Néa Iraklítsa,40.86,24.32,45.25,92,100,4.18
367,PL,Opole Voivodeship,50.5,18.0,33.22,54,6,4.0
368,AU,Ballina,-28.87,153.57,76.95,78,40,10.29
369,RS,Svilajnac,44.23,21.2,38.84,81,99,2.24
370,ES,Cambrils,41.07,1.05,46.9,81,0,4.7
371,HU,Ajka,47.1,17.56,35.29,55,0,5.14
372,BG,Sandanski,41.57,23.28,43.56,84,100,2.15
373,TD,Goundi,9.36,17.37,86.5,21,1,4.52
374,PL,Kołobrzeg,54.18,15.58,27.77,66,11,12.01
375,FR,Soyaux,45.65,0.2,39.69,70,0,4.7
376,TZ,Poli,-3.33,36.8,69.04,93,75,8.05
377,CF,Rafai,4.95,23.92,73.51,82,100,5.39
378,NA,Tsumeb,-19.23,17.72,62.4,60,42,4.25
379,DE,Heiligenhafen,54.37,10.98,31.62,82,60,5.01
380,IT,Sinnai,39.3,9.2,54.09,82,75,1.12
381,CD,Kasongo-Lunda,-6.47,16.82,76.37,76,98,2.33
382,DZ,Timizart,36.8,4.27,46.62,78,37,8.66
383,LY,Hūn,29.13,15.95,73.69,14,67,7.25
384,FR,Concarneau,47.88,-3.92,39.36,75,3,4.7
385,ML,Niono,14.25,-5.99,81.16,11,0,6.85
386,NG,Owerri,5.48,7.03,87.93,86,100,4.72
387,BF,Léo,11.1,-2.1,88.34,15,0,3.96
388,LY,Waddān,29.16,16.14,73.17,14,55,7.09
389,GH,Tema,5.67,-0.02,88.47,88,20,11.41
390,FO,Vágur,61.47,-6.81,21.22,85,85,14.83
391,CG,Dolisie,-4.2,12.67,82.58,89,98,1.99
392,DE,Oberursel,50.2,8.58,40.66,65,31,3.36
393,CG,Sémbé,1.65,14.58,81.05,78,67,1.88
394,CD,Lodja,-3.48,23.43,72.25,85,22,1.34
395,ES,Nerja,36.76,-3.89,49.68,71,5,2.24
396,NL,Winsum,53.33,6.52,29.59,74,0,4.7
397,TD,Kibala,9.11,18.35,84.16,43,0,18.34
398,ES,Benavente,42.0,-5.68,25.36,50,0,2.24
399,CD,Mangai,-4.05,19.53,74.82,88,99,0.87
400,DK,Grenå,56.42,10.88,24.04,74,0,11.41
401,BF,Boussé,12.66,-1.89,89.02,18,0,4.7
402,CD,Yangambi,0.81,24.43,78.87,85,85,1.72
403,AO,Luau,-10.71,22.22,64.67,71,100,3.4
404,TR,Foça,38.67,26.76,50.14,87,75,2.19
405,DE,Schwäbisch Hall,49.11,9.74,37.2,77,6,3.36
406,HU,Komádi,47.0,21.5,30.85,64,0,8.05
407,IE,Clonakilty,51.62,-8.87,41.38,87,75,4.7
408,IT,Santa Margherita Ligure,44.33,9.21,42.71,58,0,3.36
409,GA,Ndjolé,-0.18,10.76,86.68,91,100,2.71
410,CF,Boda,4.32,17.47,77.45,78,100,4.36
411,TN,Tataouine,32.93,10.45,49.96,71,33,8.05
412,EE,Palivere,58.97,23.89,22.33,77,21,14.0
413,AT,Radstadt,47.38,13.45,35.89,58,75,2.24
414,IT,Macomer,40.26,8.77,44.62,81,20,3.36
415,HR,Požega,45.34,17.69,34.79,65,0,4.7
416,RO,Turnu Roşu,45.63,24.3,34.3,75,75,8.05
417,NG,Otukpo,7.19,8.13,87.28,68,90,9.01
418,LY,Tūkrah,32.53,20.58,54.52,19,69,37.71
419,RS,Opovo,45.05,20.43,36.14,60,25,4.7
420,ES,Santa Marta de Tormes,40.95,-5.63,38.52,70,0,4.7
421,GB,Waterfoot,53.69,-2.25,40.32,70,86,4.7
422,AO,Caluquembe,-13.78,14.68,58.57,60,100,2.53
423,TD,Bousso,10.48,16.71,85.53,17,13,2.8
424,ES,Miranda de Ebro,42.69,-2.95,36.84,86,0,5.82
425,GB,Tarbert,55.86,-5.42,35.22,87,92,12.75
426,FR,Compiègne,49.42,2.83,41.45,62,51,4.7
427,DE,Selm,51.7,7.47,35.1,75,44,4.7
428,TD,Bongor,10.28,15.37,87.15,13,1,2.86
429,NL,Den Helder,52.96,4.76,30.58,69,20,5.82
430,GQ,Bata,1.86,9.77,96.31,100,40,2.24
431,GB,Helmsdale,58.12,-3.65,35.83,93,98,1.12
432,PL,Mińsk Mazowiecki,52.18,21.57,30.13,55,1,4.7
433,CA,Banff,51.18,-115.57,7.02,82,100,4.0
434,NL,Veere,51.55,3.67,38.73,81,5,5.82
435,CI,Katiola,8.13,-5.1,79.65,88,75,6.93
436,NO,Varhaug,58.61,5.65,23.94,73,20,6.93
437,MA,Safi,32.3,-9.24,59.43,63,100,9.06
438,CZ,Rudná,50.03,14.23,35.91,70,61,5.82
439,CF,Mobaye,4.32,21.18,77.32,81,100,1.9
440,ES,Palafrugell,41.92,3.16,44.91,87,40,6.17
441,GB,Huntly,57.45,-2.79,35.04,86,75,2.24
442,CF,Paoua,7.24,16.44,78.15,38,84,5.39
443,LY,Zalţan,32.95,11.87,56.52,72,98,5.3
444,CF,Batangafo,7.3,18.28,82.22,45,52,12.17
445,AD,Sant Julià de Loria,42.46,1.48,36.09,38,2,3.36
446,FR,Tourlaville,49.64,-1.57,39.09,93,55,2.24
447,SK,Senec,48.22,17.4,36.14,60,15,3.36
448,PL,Tuchola,53.59,17.86,28.8,64,0,9.17
449,PL,Kutno,52.23,19.36,29.28,64,12,1.12
450,DE,Lüneburg,53.25,10.4,30.31,60,43,5.82
451,PL,Włocławek,52.65,19.07,29.48,76,5,6.62
452,PT,Silveira,39.11,-9.36,52.93,54,62,3.36
453,NE,Tibiri,13.56,7.05,82.94,11,2,7.36
454,PL,Rogoźno,52.75,16.99,33.82,64,77,3.36
455,GB,Kinlochleven,56.71,-4.97,38.3,88,100,3.11
456,GB,Nairn,57.58,-3.88,33.22,86,98,6.93
457,NG,Hadejia,12.45,10.04,80.6,18,2,1.9
458,MA,Fes,34.04,-5.0,47.28,62,98,11.41
459,PL,Augustów,53.84,22.98,25.27,77,45,11.68
460,ES,Padrón,42.74,-8.66,49.86,66,0,1.12
461,BE,De Panne,51.08,2.59,40.46,56,74,1.12
462,GN,Mandiana,10.63,-8.68,87.12,15,18,1.3
463,NE,Madarounfa,13.31,7.16,82.29,13,0,5.79
464,FR,Quimperlé,47.87,-3.55,39.54,87,14,4.85
465,EE,Audru,58.41,24.37,26.15,70,42,8.01
466,DE,Langen,49.99,8.67,40.86,60,48,3.36
467,ZM,Senanga,-16.12,23.27,65.66,56,85,5.46
468,FR,Arrondissement de Saverne,48.83,7.25,36.41,65,9,4.7
469,ES,Alcúdia,39.85,3.12,46.58,76,0,3.36
470,DE,Mörfelden-Walldorf,49.99,8.58,40.71,57,50,3.36
471,CD,Businga,3.33,20.88,78.96,87,100,1.86
472,IT,Cefalù,38.04,14.02,46.56,90,95,5.01
473,NE,Mayahi,13.96,7.67,82.13,11,3,7.27
474,IT,Tricase,39.93,18.36,43.97,93,75,6.93
475,CF,Ndélé,8.41,20.65,80.98,38,51,9.24
476,FR,Draguignan,43.53,6.47,43.2,70,0,2.24
477,AO,Saurimo,-9.66,20.39,65.95,69,100,3.29
478,BF,Sapouy,11.55,-1.77,84.22,13,0,2.13
479,MK,Rosoman,41.52,21.95,39.56,81,40,4.7
480,IT,Grottammare,42.99,13.86,36.54,80,0,5.82
481,GH,Ejura,7.39,-1.36,86.59,54,67,8.61
482,DK,Korsør,55.33,11.14,29.8,86,0,4.7
483,BJ,Pobé,6.98,2.66,85.03,82,11,6.33
484,CG,Ouésso,1.61,16.05,79.57,87,99,4.92
485,ES,Felanitx,39.47,3.15,45.19,81,20,6.44
486,BE,Saint-Hubert,50.05,5.38,30.4,65,9,2.24
487,MA,Salé,34.04,-6.82,54.54,87,100,9.22
488,IT,Soverato Marina,38.69,16.55,42.39,93,75,12.75
489,IT,Province of Brindisi,40.58,17.67,42.17,66,40,10.29
490,TD,Kyabé,9.45,18.94,85.48,28,0,1.36
491,DE,Westerland,54.91,8.3,30.09,89,0,1.99
492,IE,Granard,53.77,-7.5,32.97,92,98,5.35
493,FR,La Chapelle-sur-Erdre,47.3,-1.55,39.94,87,7,3.83
494,FR,Bègles,44.81,-0.55,43.52,76,0,5.82
495,ML,Koulikoro,14.0,-7.75,79.77,11,0,8.99
496,IT,Ariccia,41.72,12.68,42.44,81,21,4.7
497,BG,Laki,41.85,24.82,40.69,87,100,3.36
498,CG,Loandjili,-4.76,11.86,93.85,79,20,3.36
499,ES,Salou,41.08,1.14,46.56,81,0,4.7
500,RS,Koprivstica,43.23,22.62,46.33,57,92,1.12
